﻿Merchant_Name,Category,Ad
Generic Clothing ,Clothing ,A collection of the best clothing we have to offer. Get 10% off your first purchase!
Generic Jewellery ,Jewellery ,A collection of the best jewellery we have to offer. Get 10% off your first purchase!
Generic Automotive ,Automotive ,A collection of the best automotive we have to offer. Get 10% off your first purchase!
Generic Footwear ,Footwear ,A collection of the best footwear we have to offer. Get 10% off your first purchase!
Generic Home Decor & Festive Needs ,Home Decor & Festive Needs ,A collection of the best home decor & festive needs we have to offer. Get 10% off your first purchase!
Generic Beauty and Personal Care ,Beauty and Personal Care ,A collection of the best beauty and personal care we have to offer. Get 10% off your first purchase!
Generic Kitchen & Dining ,Kitchen & Dining ,A collection of the best kitchen & dining we have to offer. Get 10% off your first purchase!
Generic Computers ,Computers ,A collection of the best computers we have to offer. Get 10% off your first purchase!
Generic Watches ,Watches ,A collection of the best watches we have to offer. Get 10% off your first purchase!
Generic Mobiles & Accessories ,Mobiles & Accessories ,A collection of the best mobiles & accessories we have to offer. Get 10% off your first purchase!
Generic Home Furnishing ,Home Furnishing ,A collection of the best home furnishing we have to offer. Get 10% off your first purchase!
Generic Toys & School Supplies ,Toys & School Supplies ,A collection of the best toys & school supplies we have to offer. Get 10% off your first purchase!
"Generic Bags, Wallets & Belts ","Bags, Wallets & Belts ","A collection of the best bags, wallets & belts we have to offer. Get 10% off your first purchase!"
Generic Pens & Stationery ,Pens & Stationery ,A collection of the best pens & stationery we have to offer. Get 10% off your first purchase!
Generic Baby Care ,Baby Care ,A collection of the best baby care we have to offer. Get 10% off your first purchase!
Generic Tools & Hardware ,Tools & Hardware ,A collection of the best tools & hardware we have to offer. Get 10% off your first purchase!
Generic Sports & Fitness ,Sports & Fitness ,A collection of the best sports & fitness we have to offer. Get 10% off your first purchase!
Generic Furniture ,Furniture ,A collection of the best furniture we have to offer. Get 10% off your first purchase!
Generic Cameras & Accessories,Cameras & Accessories,A collection of the best cameras & accessories we have to offer. Get 10% off your first purchase!
